{
  "Electronic Sales": ["Personlig forbruk", "PC og elektroutstyr"],
  "Sporting Goods Stores": ["Personlig forbruk", "Sport og fritid"],
  "Passenger Railways": ["Reise", "Reise og transport"],
  "Miscellaneous and Specialty Retail S": ["Øvrig bruk", "Øvrig bruk"],
  "Airlines": ["Reise", "Flyselskap"],
  "Travel Agencies and Tour Operations": ["Reise", "Reisearrangør"],
  "Shoe Stores": ["Personlig forbruk", "Klær og sko"],
  "Misc. Food Stores – Convenience Stor": ["Mat og drikke", "Dagligvarer"],
  "Airlines, Air Carriers ( not listed": ["Reise", "Flyselskap"],
  "SAS": ["Reise", "Flyselskap"],
  "Miscellaneous Personal Services ( no": ["Øvrig bruk", "Øvrig bruk"],
  "Department Stores": ["Hus og innbo", "Interiør og varehus"],
  "Lodging – Hotels, Motels, Resorts, C": ["Reise", "Hotel og opphold"],
  "Variety Stores": ["Hus og innbo", "Interiør og varehus"],
  "Financial Institutions – ATM": ["Kontanter og pengeoverføring", "Kontaktuttak"],
  "Eating places and Restaurants": ["Mat og drikke", "Restauranter og barer"],
  "Duty Free Store": ["Reise", "Taxfree"],
  "Transportation Services, Not elsewhe": ["Reise", "Reise og transport"],
  "Grocery Stores, Supermarkets": ["Mat og drikke", "Dagligvarer"],
  "Membership Organizations ( Not Elsew": ["Øvrig bruk", "Øvrig bruk"],
  "Taxicabs and Limousines": ["Reise", "Kjøretøy & Leiebil"],
  "Money Orders – Wire Transfer": ["Kontanter og pengeoverføring", "Pengeoverføring"],
  "Book Stores": ["Personlig forbruk", "Hobby og Fritid"],
  "Bus Lines, Including Charters, Tour": ["Reise", "Reise og transport"],
  "Fast Food Restaurants": ["Mat og drikke", "Restauranter og barer"],
  "Package Stores – Beer, Wine, and Liq": ["Mat og drikke", "Dagligvarer"],
  "Tailors, Seamstress, Mending, and Al": ["Personlig forbruk", "Klær og sko"],
  "Automotive Service Shops": ["Reise", "Kjøretøy & Leiebil"],
  "Financial Institutions – Merchandise": ["Kontanter og pengeoverføring", "Kontaktuttak"],
  "TRANSPORTATION SVCS - DEFAULT": ["Reise", "Reise og transport"],
  "MEMBER CLUBS/SPORT/REC/GOLF": ["Personlig forbruk", "Sport og fritid"],
  "Membership Clubs (Sports, Recreation": ["Personlig forbruk", "Sport og fritid"],
  "Local/Suburban Commuter Passenger Tr": ["Reise", "Reise og transport"],
  "TAXICABS/LIMOUSINES": ["Reise", "Reise og transport"],
  "LOCAL COMMUTER TRANSPORT": ["Reise", "Reise og transport"]
}
